lhqid, cost, name, title, displayName, ttsName, imageName, upgrades,  isUnique, rank, minicount, faction, affiliation, unit type, def, wounds, courage, speed, hitsurge, defsurge, keywords, weapon1, keywords, type, range, r, w, b, weapon2, keywords, type, range, r, w, b, weapon3, keywords, type, range, r, w, b
ra,50,Black Sun Vigo,,,,Black Sun Vigo.webp,command/ gear,false,commander,1,mercenary,black sun,trooper,r,4,2,2,,,"Mercenary: Empire, Separatists/ Aid: Black Sun/ Dauntless/ Independent: Aim 1",Martial Arts,,a,,,,3,Vigo's BH-4 Double Blaster,,0,1 - 2,,2,2,,,,,,
rb,50,Black Sun Enforcers,,,,Black Sun Enforcers.webp,heavy weapon/ personnel/ gear/ grenades,false,corps,4,mercenary,black sun,trooper,r,1,1,2,,,"Mercenary: Empire, Separatists/ Dauntless/ Precise 1/ Self-Preservation/ Independent: Aim 1",Close Quarters Combat,,a,,1,,,BH-4 Double Blaster,,0,1 - 2,,1,1,,,,,,
vv,40,C-3P0,Golden God,,,C-3PO Golden God.webp,,true,commander,1,mercenary,ewok,droid trooper,w,3,2,,,,-> Master Storyteller/ Compel: Ewok Trooper/ Infiltrate/ Divine Influence,,,,,,,,,,,,,,,,,,,,
wd,45,Logray,Superstitious Shaman,,,Logray.webp,command/ training/ training/ training,true,commander,1,mercenary,ewok,trooper,w,4,3,2,,b,Aid: Ewok/ Independent: Aim or Dodge 1/ Inspire 2/ Low Profile/ Nimble,Staff,Suppressive,a,,,,2,,,,,,,,,,,,,
ve,70,Wicket,Hero of Bright Tree,,,Wicket.webp,training/ training/ training,true,commander,1,mercenary,ewok,trooper,w,5,2,2,c,b,Mercenary: Rebels/ Independent: Dodge 1/ Low Profile/ Nimble/ Scout 1/ Scouting Party 2: Ewok/ Sharpshooter 2/ Unhindered,Spear,Pierce 1,a,,2,,1,Sling,"Pierce 1, Primitive",0,1 - 2,,,1,,,,,,
vk,40,Ewok Skirmishers,,,,Ewok Skirmishers.webp,heavy weapon/ personnel/ personnel/ training,false,corps,6,mercenary,ewok,trooper,w,1,1,2,,,Mercenary: Rebels/ Low Profile/ Unhindered,Spear,,a,,,,1,,,,,,,,,,,,,
vu,35,Ewok Slingers,,,,Ewok Slingers.webp,heavy weapon/ personnel/ personnel/ training,true,special,6,mercenary,ewok,trooper,w,1,1,2,,,Mercenary: Rebels/ Independent: Surge 1/ Low Profile/ Target 1,Stones,,a,,,1,,Slings,Primitive,0,1 - 2,,,1,,,,,,
vj,180,Chewbacca,Let the Wookiee Win,,,Chewbacca Let the Wookiee Win.webp,,true,heavy,1,mercenary,ewok,ground vehicle,w,11,8,2,c,b,Armor: 5/ Arsenal 2/ Inspire 3/ Incognito/ Weak Point 1: Rear,Grenade Launcher,"Fixed: Front, Blast",a,- 2,,,2,88 Twin Light Blaster,"Fixed: Front, Impact 1",a,- 3,1,1,1,MS-4 Twin Blaster,"Fixed: Front, Impact 3",0,1 - 4,2,2
rd,95,Gar Saxon,Militant Commando,,,Gar Saxon.webp,training/ training/ comms/ gear/ gear/ armament/ armament,true,commander,1,mercenary,maul loyalist,trooper,r,5,2,2,c,b,-> Jump 2/ Allies of Convenience/ Compel/ Impervious/ Sharpshooter 1,Advanced Combat Training,,a,,2,,,Saxon's Westar-35 Blaster Pistol,Pierce 1,0,1 - 2,1,1,2,,,,,,
rc,150,Maul,A Rival,,,Maul A Rival.webp,force/ force/ command/ training/ armament,false,operative,1,mercenary,maul loyalist,trooper,r,6,3,2,,,-> Jump 1/ Allies of Convenience/ Deflect/ Immune: Pierce/ Juyo Mastery/ Wound 1,Maul's Double-Bladed Lightsaber,"Impact 2, Pierce 2",a,,4,4,,,,,,,,,,,,,,
re,70,Mandalorian Super Commandos,,,,Mandalorian Super Commandos.webp,heavy weapon/ training/ comms/ gear/ grenades/ armament,true,special,3,mercenary,maul loyalist,trooper,r,1,2,3,,b,-> Jump 2/ Defend 1/ Impervious/ Independent: Aim 1,Combat Expertise,,a,,,,2,Westar-35 Blaster Pistols,,0,1 - 2,,,2,Galar-15 Blaster Carbine,,0,1 - 3,,1
qy,48,Pyke Syndicate Capo,,,,Pyke Syndicate Capo.webp,command/ gear,true,commander,1,mercenary,pyke,trooper,w,4,2,2,,b,Mercenary: All/ Aid: Pyke/ Independent: Dodge 1/ Danger Sense 2,Unarmed,,a,,,,1,Capo's P13 Long Blaster,,0,1 - 3,,,3,,,,,,
qz,44,Pyke Syndicate Foot Soldiers,,,,Pyke Syndicate Foot Soldiers.webp,heavy weapon/ personnel/ gear/ grenades,false,corps,4,mercenary,pyke,trooper,w,1,1,2,,b,Mercenary: All/ Self-Preservation/ Danger Sense 2/ Outmaneuver/ Independent: Dodge 1,Stun Baton,,a,,,2,,P13 Long Blaster,,0,1 - 3,,,1,,,,,,
sq,70,Swoop Bike Riders,,,,Swoop Bike Riders.webp,comms,false,support,2,mercenary,raider,repulsor vehicle,w,3,-,3,h,b,"Mercenary: Rebel, Republic/ Cover 1/ Independent: Aim 1 or Dodge 1/ Reinforcements/ Speeder 1",Vibro-Ax,Overrun 1,,,1,2,,Heavy Blaster Pistol,,0,1 - 2,1,,1,,,,,,
om,65,A-A5 Speeder Truck,,,,A-A5 Speeder Truck R.webp,pilot/ crew/ crew/ hardpoint/ comms,false,heavy,1,mercenary,raider,repulsor vehicle,w,8,6,1,,b,Armor 5/ Hover: Ground/ Reposition/ Transport/ Weak Point 2: Rear,,,,,,,,,,,,,,,,,,,,
aw,130,Boba Fett,Infamous Bounty Hunter,,,Boba Fett Infamous Bounty Hunter.webp,training/ training/ comms/ gear/ gear,true,operative,1,mercenary,rogue,trooper,r,5,3,3,c,b,Mercenary: Empire/ -> Jump 2/ Arsenal 2/ Bounty/ Impervious/ Independent: Aim 1 or Dodge 1/ Sharpshooter 2,Boot Spikes,,a,,3,,,Integrated Rockets,"Impact 1, Versatile",0,1 - 2,,,3,Fett's EE-3 Carbine,Pierce 1,0,1 - 3,,
tl,120,Boba Fett,Daimyo of Mos Espa,,,Boba Fett Daimyo of Mos Espa.webp,training/ training/ gear/ gear,true,operative,1,mercenary,rogue,trooper,r,5,3,2,c,b,Mercenary: Rebels/ -> Jump 1/ Arsenal 2/ Impervious/ Independent: Standby/ Sentinel/ Sharpshooter 1/ Tactical 1,Fett's Gaderffii Stick,,a,,3,,1,Fett's EE-3 Carbine,Pierce 1,0,1 - 3,,,3,,,,,,
ax,105,Bossk,Trandoshan Terror,,,Bossk.webp,training/ training/ gear,true,operative,1,mercenary,rogue,trooper,w,7,2,2,c,,"Mercenary: Empire, Separatists/ Bounty/ Enrage 3/ Independent: Surge 2/ Regenerate 3/ Scale",Frenzy,Pierce 1,a,,1,1,2,Relby-v10 Mortar Rifle,"Pierce 1, Suppressive",0,2 - 4,1,4,,,,,,,
kx,105,Cad Bane,Needs No Introduction,,,Cad Bane.webp,training/ training/ comms/ gear/ armament/ grenades,true,operative,1,mercenary,rogue,trooper,w,6,3,2,h,b,"Mercenary: Empire, Separatists/ -> Jump 1/ Bounty/ Danger Sense 3/ Independent: Dodge 2/ Sharpshooter 1/ Steady",Martial Arts,,a,,,,3,Dual LL-30 Blaster Pistols,Pierce 1,0,1 - 2,,,4,,,,,,
tk,95,Din Djarin,The Mandalorian,,,Din Djarin.webp,training/ training/ comms/ gear/ gear/ armament,true,operative,1,mercenary,rogue,trooper,r,5,3,2,c,b,"Mercenary: Empire, Rebels/ Arsenal 2/ Bounty/ Impervious/ Independent: Aim 1 and Dodge 1/ Tactical 1",Vibro Knife,Lethal 1,a,,,,2,Din's IB-94 Pistol,"Lethal 1, Longshot 1, Versatile",0,1 - 2,2,,1,,,,,,
tj,105,IG-11,Nurse and Protect,,,IG-11.webp,training/ comms/ gear/ protocol,true,operative,1,mercenary,rogue,droid trooper,r,5,2,2,h,,"Mercenary: Empire, Rebels/ Armor 1/ Gunslinger/ Impervious/ Programmed/ Sharpshooter 1",Overpower,,a,,4,,,Modified E-11 Blaster,Pierce 1,0,1 - 3,,2,1,Modified DLT-20A Rifle,,0,1-4,,1
ti,110,IG-88,Notorious Assassin Droid,,,IG-88.webp,training/ comms/ gear,false,operative,1,mercenary,rogue,droid trooper,r,5,2,2,c,,Mercenary: Empire/ Armor 1/ Bounty/ Impervious/ Sharpshooter 1,IG-88's Vibro-cleaver,Pierce 1,a,,1,1,1,Modified E-11 Blaster,"Pierce 1, Versatile",0,1 - 3,,2,1,Modified DLT-20A Rifle,,0,1-4,,1
xi,160,The Bad Batch,Clone Force 99,,,The Bad Batch Rep.webp,heavy weapon/ heavy weapon/ heavy weapon/ heavy weapon/ heavy weapon,false,operative,0,mercenary,rogue,clone trooper,r,2,3,2,,,"Mercenary: Rebels/ Equip: Hunter, Wrecker, Echo, Tech/ Impervious/ Scale/ Steady/ Sharpshooter 1/ We're Not Regs",Advanced Combat Training,,a,,1,,,DC-17 Hand Blaster,,0,1 - 2,,1,1,,,,,,
nm,85,Agent Kallus,Hunter of Spectres,,,Agent Kallus.webp,command/ training/ gear/ armament,true,commander,1,empire,,trooper,r,6,2,2,c,,Contingencies 2/ Cunning/ Flawed/ Sharpshooter 1/ Tactical 1,Advanced Combat Training,,a,,2,,,Kallus's RK-3 Blaster Pistol,Pierce 1,0,1 - 2,,1,2,,,,,,
at,170,Darth Vader,Dark Lord of the Sith,,,Darth Vader Dark Lord of the Sith.webp,command/ force/ force/ force,true,commander,1,empire,,trooper,r,8,-,1,,,Deflect/ Immune: Pierce/ Master of the Force 1/ Relentless/ Compel: Corps,Vader's Lightsaber,"Impact 3, Pierce 3",a,,6,,,,,,,,,,,,,,,
av,65,Director Orson Krennic,Architect of Terror,Director Krennic,,Director Orson Krennic.webp,command/ command/ gear,true,commander,1,empire,,trooper,w,6,2,2,h,b,-> Spotter 1/ Compel/ Cunning/ Entourage: Imperial Death Troopers/ Exemplar,Unarmed,,a,,,,1,Krennic's Blaster,,0,1 - 2,3,,,,,,,,
as,170,Emperor Palpatine,Ruler of the Galactic Empire,,,Emperor Palpatine.webp,force/ force/ force/ command,true,commander,1,empire,,trooper,r,5,4,1,c,b,-> Pulling the Strings/ Entourage: Imperial Royal Guard/ Immune: Pierce/ Master of the Force 2,Force Lightning,"Pierce 2, Suppressive",a,- 2,2,2,2,,,,,,,,,,,,,
au,75,General Veers,Master Tactician,,,General Veers.webp,command/ command/ gear,true,commander,1,empire,,trooper,r,5,2,2,c,,-> Guidance: Ground Vehicle/ -> Spotter 2/ Exemplar/ Inspire 1/ Sharpshooter 1,Combat Expertise,,a,,,,2,Veers' Blaster Rifle,,0,1 - 3,3,,,,,,,,
kg,100,Iden Versio,Inferno Squad Leader,,,Iden Versio.webp,training/ training/ gear/ armament,true,commander,1,empire,,trooper,r,6,3,2,h,,->Quick Thinking/ Covert Ops/ Loadout/ Marksman/ Nimble,Advanced Combat Training,,a,,2,,,Iden's E-11 Blaster Rifle,Pierce 1,0,1 - 3,,3,,,,,,,
ar,55,Imperial Officer,Ruthless Commander,,,Imperial Officer.webp,command/ gear,false,commander,1,empire,,trooper,w,4,2,2,h,b,-> Spotter 1/ Exemplar/ Inspire 1,Unarmed,,a,,,,1,Blaster Pistol,,0,1 - 2,,,2,,,,,,
ui,100,Moff Gideon,Long Live the Empire,,,Moff Gideon.webp,command/ command/ training/ gear/ armament,true,commander,1,empire,,trooper,r,5,3,2,c,b,>> Observe 1/ Entourage: Dark Troopers/ Ruthless/ Sharpshooter 1/ Tactical 1,Advanced Combat Training,,a,,2,,,Gideon's Custom Blaster Pistol,Pierce 1,0,1 - 2,1,,2,,,,,,
fn,155,Darth Vader,The Emperor's Apprentice,,,Darth Vader The Emperor's Apprentice.webp,force/ force/ training/ training,true,operative,1,empire,,trooper,r,7,3,2,,,Deflect/ Immune: Pierce/ Jedi Hunter/ Master of the Force 1/ Relentless,Vader's Lightsaber,"Impact 3, Pierce 3",a,,5,,,Force Throw,"Blast, Scatter",0,1 - 2,,,2,,,,,,
wl,105,Fifth Brother,The Kill is Mine,,,Fifth Brother.webp,training/ training/ force,true,operative,1,empire,,trooper,r,6,2,2,h,,Dauntless/ Block/ Enrage 2/ Immune: Pierce,Spinning Lightsaber,"Ram 2, Impact 2, Pierce 1",a,,,,5,Thrown Spinning Lightsaber,"Impact 2, Pierce 1",0,1 - 2,,,3,,,,,,
wm,110,Seventh Sister,Compelled to Inflict Pain,,,Seventh Sister.webp,training/ training/ force,true,operative,1,empire,,trooper,r,5,3,2,h,,->Jump/ Associate: Fifth Brother/ Block/ Charge/ Disciplined 1/ Interrogate,Spinning Lightsaber,"Impact 2, Pierce 1",a,,,,5,Thrown Spinning Lightsaber,"Impact 2, Pierce 1",0,1 - 2,,,3,,,,,,
ft,40,DF-90 Mortar Trooper,,,,DF-90 Mortar Trooper.webp,comms,false,corps,1,empire,,emplacement trooper,r,3,2,1,,,Detachment: Shoretroopers/ Fire Support/ Full Pivot/ Reposition/ Sentinel,Unarmed,,a,,,,1,E-22 Blaster Rifle,,0,1 - 3,,,1,DF-90 Mortar,"Critical 1, Cumbersome, Suppressive, Fixed: Front",0,3 - 4,,3
hg,52,Shoretroopers,,,,Shoretroopers.webp,heavy weapon/ personnel/ training/ gear/ grenades,false,corps,4,empire,,trooper,r,1,1,1,,,Coordinate: Emplacement Trooper/ Prepared Position,Unarmed,,a,,,,1,E-22 Blaster Rifle,Long Shot,0,1 - 3,,,1,,,,,,
az,42,Snowtroopers,,,,Snowtroopers.webp,heavy weapon/ personnel/ gear/ grenades,false,corps,4,empire,,trooper,r,1,1,1,h,,Steady,Bludgeon,,a,,,1,,E-11 Blaster Rifle,,0,1 - 3,,1,,,,,,,
ay,42,Stormtroopers,,,,Stormtroopers.webp,heavy weapon/ personnel/ gear/ grenades,false,corps,4,empire,,trooper,r,1,1,2,h,,Precise 1,Bludgeon,,a,,,1,,E-11 Blaster Rifle,,0,1 - 3,,1,,,,,,,
sr,36,Stormtroopers,Heavy Response Unit,Stormtroopers HRU,,Stormtroopers Heavy Response Unit.webp,heavy weapon/ heavy weapon,false,corps,4,empire,,trooper,r,1,1,2,h,,Flexible Reponse 2/ Precise 1/ Speicial Issue: Blizzard Force/ Unhindered,Bludgeon,,a,,,1,,E-11 Blaster Rifle,,0,1 - 3,,1,,,,,,,
bd,72,Imperial Death Troopers,,Death Troopers,,Imperial Death Troopers.webp,heavy weapon/ training/ comms/ gear/ armament/ grenades,false,special,4,empire,,trooper,r,1,2,2,c,b,Disciplined 2/ Precise 2/ Ready 1,Close Quarters Combat,,a,,1,,,SE-14a Light Blaster,,0,1 - 2,,2,,E-11D Blaster Rifle,,0,1 - 3,,
bc,69,Imperial Royal Guards,,Royal Guards,,Imperial Royal Guards.webp,heavy weapon/ training/ training/ gear/ grenades,false,special,3,empire,,trooper,r,2,2,2,,,Charge/ Disciplined 2/ Guardian 2,Force Pike,,a,,1,,1,EC-17 Hold-Out Blaster,,0,1 - 2,,,2,,,,,,
mx,68,Imperial Special Forces,,,,Imperial Special Forces.webp,heavy weapon/ training/ training/ comms/ gear/ grenades,false,special,4,empire,,trooper,w,,2,,,,Infiltrate/ Marksman/ Reliable 1,Unarmed,,a,,,,1,Special Forces E-11 Blaster Rifle,,0,1 - 3,,,1,,,,,,
my,34,Imperial Special Forces,Inferno Squad,Inferno Squad,,Imperial Special Forces Inferno Squad.webp,heavy weapon/ heavy weapon/ training/ training/ comms/ gear/ grenades,true,special,1,empire,,trooper,w,,2,,,,"Equip: Del Meeko, Gideon Hask/ Infiltrate/ Marksman/ Reliable 1/ Retinue: Iden Versio",Close Quarters Combat,,a,,1,,,Inferno Squad E-11 Blaster Rifle,,0,1 - 3,,,2,,,,,,
ba,48,Scout Troopers,,,,Scout Troopers.webp,heavy weapon/ training/ comms/ gear/ grenades,false,special,4,empire,,trooper,w,1,2,2,,b,Low Profile/ Scout/ Sharpshooter 1,Unarmed,,a,,,,1,EC-17 Hold-Out Blaster,,0,1 - 2,,,2,,,,,,
bb,20,Scout Troopers,Strike Team,Scout Strike Team,,Scout Troopers Strike Team.webp,heavy weapon/ training/ comms/ gear/ grenades,false,special,4,empire,,trooper,w,1,2,2,,b,Detachment: Scout Troopers/ Heavy Weapon Team/ Low Profile/ Scout 3/ Sharpshooter 1,Unarmed,,a,,,,1,EC-17 Hold-Out Blaster,,0,1 - 2,,,2,,,,,,
bf,80,74-Z Speeder Bikes,,Speeder Bikes,,74-Z Speeder Bikes.webp,comms,false,support,2,empire,,repulsor vehicle,w,3,-,3,h,b,Cover 1/ Speeder 1,EC-17 Hold-Out Blaster,,0,1 - 2,,,2,Ax-20 Blaster Cannons,Impact 1,0,1 - 3,1,1,1,,,,,,
hf,70,Dewback Rider,,,,Dewback Rider.webp,training/ comms/ armament,false,support,1,empire,,creature trooper,r,6,2,1,h,,Armor 1/ Relentless/ Reposition/ Spur/ Unhindered,Razor Claws & Shock Prod,"Critical 2, Suppressive",a,,3,3,,,,,,,,,,,,,,
be,60,E-Web Heavy Blaster Team,,E-Web Team,,E-Web Heavy Blaster Team.webp,comms/ generator,false,support,1,empire,,emplacement trooper,r,4,2,1,c,,Prepared Position/ Reposition/ Sentinel,Unarmed,,a,,,,2,Blaster Rifles,,0,1 - 3,,2,,E-Web Heavy Blaster,"Cumbersome, Fixed: Front, Impact 1",0,1 - 4,1,2
xh,60,Range Troopers,,,,Range Troopers.webp,heavy weapon/ personnel/ grenades/ comms,false,support,4,empire,,trooper,r,1,2,1,,,Advanced Targeting: Trooper 1/ Armor 1/ Indomitable/ Scale/ Spur,Gription Boot Kick,,0,,,2,,E-10R Blaster Rifle,,0,1 - 4,,,1,,,,,,
bg,145,AT-ST,,,,AT-ST.webp,pilot/ hardpoint/ hardpoint/ hardpoint/ comms,false,heavy,1,empire,,ground vehicle,w,11,8,2,,b,Armor 5/ Arsenal 2/ Weak Point 1: Rear,Fence-Cutting Blades,,0,,4,,,MS-4 Twin Blaster,"Fixed: Front, Impact 3",0,1 - 4,2,2,2,,,,,,
tm,95,Imperial Dark Troopers,,,,Imperial Dark Troopers.webp,heavy weapon/ heavy weapon/ personnel/ protocol,false,heavy,3,empire,,droid trooper,r,2,-,1,,,Armor 3/ Plodding/ Unconcerned/ Unstoppable,Crushing Punch,,a,,1,1,,E-11D Blaster,,0,1 - 3,,,1,,,,,,
on,100,LAAT/le Patrol Transport,,,,LAAT Patrol Transport E.webp,pilot/ ordnance/ ordnance/ comms,false,heavy,1,empire,,repulsor vehicle,w,8,6,2,,b,"Armor 5/ Arsenal 2/ Cover 1/ Hover: Air 2/ Immune: Blast, Melee, Range 1 Weapons/ Transport",Twin Laser Cannons,"Impact 1, Fixed: Front",0,1 - 3,2,,2,,,,,,,,,,,,,
we,180,Major Marquand,Tempest Scout 2,,,Major Marquand.webp,,true,heavy,1,empire,,ground vehicle,w,11,8,2,h,b,Armor 5/ Arsenal 2/ Direct: Vehicle/ Weak Point 1: Rear/ Special Issue: Tempest Force,Grenade Launcher,"Fixed: Front, Blast",a,- 2,,,2,88 Twin Light Blaster,"Fixed: Front, Impact 1",a,- 3,1,1,1,MS-4 Twin Blaster,"Fixed: Front, Impact 3",0,1 - 4,2,2
bh,125,TX-225 GAVw Occupier Tank,,Gav Tank,TX-225 GAVw Occupier Combat Assault Tank,TX-225 GAVw Occupier Tank.webp,pilot/ hardpoint/ comms,false,heavy,1,empire,,ground vehicle,r,8,6,1,,,Armor 5/ Arsenal 2/ Reposition/ Transport/ Weak Point 1: Sides,Twin Cannons,"Suppressive, Fixed: Front",0,1 - 2,1,,1,Quad Cannons,"Impact 2, Fixed: Front",0,1 - 4,2,,2,,,,,,
kf,90,Cassian Andor,Capable Intelligence Agent,,,Cassian Andor.webp,training/ training/ gear/ armament,true,commander,1,rebels,,trooper,w,6,2,2,h,b,Covert Ops/ Danger Sense 3/ Loadout/ Marksman/ Tactical 1,Advanced Combat Training,,a,,2,,,Cassian's Covert Blaster,Pierce 1,0,1 - 2,1,2,,,,,,,
ac,100,Han Solo,Unorthodox General,,,Han Solo.webp,command/ training/ gear,true,commander,1,rebels,,trooper,w,6,2,2,c,b,Steady/ Low Profile/ Gunslinger/ Sharpshooter 1/ Uncanny Luck 3,Brawl,,a,,,3,,Han's DL-44,Pierce 2,0,1 - 2,2,,,,,,,,
ae,90,Jyn Erso,Stardust,,,Jyn Erso.webp,command/ training/ gear/ armament,true,commander,1,rebels,,trooper,w,6,3,2,c,b,-> Quick Thinking/ Danger Sense 4/ Infiltrate/ Nimble/ Sharpshooter 1,Collapsible Tonfa,Suppressive,a,,,,4,,,,,,,,,,,,,
nl,95,Lando Calrissian,Smooth Operator,,,Lando Calrissian.webp,command/ training/ gear,true,commander,1,rebels,,trooper,w,6,2,2,,,Contingencies 3/ Covert Ops/ Flawed/ Sharpshooter 2/ Uncanny Luck 2,Combat Training,,a,,,1,1,Lando's X-8 Night Sniper Pistol,Pierce 1,0,1 - 3,1,,1,,,,,,
ab,75,Leia Organa,Fearless and Inventive,,,Leia Organa.webp,command/ command/ training/ gear,true,commander,1,rebels,,trooper,w,6,2,2,c,b,-> Take Cover 2/ Exemplar/ Inspire 2/ Nimble/ Sharpshooter 2,Martial Arts,,a,,,,3,Leia's Blaster,,0,1 - 3,3,,,,,,,,
ad,120,Luke Skywalker,Hero of the Rebellion,,,Luke Skywalker Hero of the Rebellion.webp,force/ command/ training/ gear,true,commander,1,rebels,,trooper,r,6,3,2,c,,-> Jump 1/ Block/ Charge/ Immune:Pierce/ Inspire 2/ Sharpshooter 1,Anakin's Lightsaber,"Impact 2, Pierce 1",a,,2,,3,Luke's Blaster,"Long Shot, Pierce 1",0,1 - 2,1,,3,,,,,,
bi,50,Rebel Officer,Resolute Commander,,,Rebel Officer.webp,command/ gear,false,commander,1,rebels,,trooper,w,4,2,2,h,b,-> Take Cover 1/ Exemplar/ Inspire 1,Unarmed,,a,,,,1,Blaster Pistol,,0,1 - 2,,,2,,,,,,
vd,145,Ahsoka Tano,Fulcrum,,,Ahsoka Tano Fulcrum.webp,force/ force/ training/ training,true,operative,1,rebels,,trooper,r,6,3,2,c,,-> Jump 2/ Charge/ Defend 1/ Deflect/ Immune: Pierce/ Jar'Kai Mastery,Ahsoka's Lightsabers,"Impact 2, Pierce 2",a,,2,2,2,,,,,,,,,,,,,
af,90,Chewbacca,Walking Carpet,,,Chewbacca Walking Carpet.webp,training/ training/ gear,true,operative,1,rebels,,wookiee trooper,w,9,2,2,c,,Enrage 4/ Guardian 3/ Teamwork: Han Solo/ Scale,Overwhelm,Lethal 1,a,,4,,,Chewbacca's Bowcaster,"Impact 1, Pierce 1",0,1 - 3,2,2,,,,,,,
lv,70,K-2SO,Sardonic Security Droid,,,K-2SO.webp,comms/ armament,true,operative,1,rebels,,droid trooper,w,,2,,,,-> Calculate Odds/ Armor 1/ Detachment: Cassian Andor/ Incognito/ Teamwork: Cassian Andor,Overwhelm,Lethal 1,a,,4,,,,,,,,,,,,,,,
fm,165,Luke Skywalker,Jedi Knight,,,Luke Skywalker Jedi Knight.webp,force/ force/ force/ training,true,operative,1,rebels,,trooper,r,7,4,2,c,,-> Jump/ Charge/ Deflect/ Disengage/ Immune: Pierce/ Master of the Force 1,Luke's Lightsaber,"Impact 2, Pierce 2",a,,,,7,,,,,,,,,,,,,
jg,55,R2-D2,Hero of a Thousand Devices,,,R2-D2 Hero of a Thousand Devices.webp,comms,true,operative,1,rebels,,droid trooper,w,4,2,1,h,b,-> Repair 2: Capacity 2/ Inconspicuous/ Infiltrate/ Secret Mission,Electro-Shock,Suppressive,a,- 1,,3,,,,,,,,,,,,,,
ag,125,Sabine Wren,Explosive Artist,,,Sabine Wren.webp,training/ gear/ gear/ armament,true,operative,1,rebels,,trooper,r,5,2,3,c,b,-> Jump 2/ Gunslinger/ Impervious/ Nimble,Combat Expertise,,a,,,,2,Dual Westar-35 Pistols,Pierce 1,0,1 - 2,1,1,1,,,,,,
ai,40,Fleet Troopers,,,,Fleet Troopers.webp,heavy weapon/ personnel/ gear/ grenades,false,corps,4,rebels,,trooper,w,1,1,2,h,b,Charge,DH-17 Blaster Pistol,,a,- 2,,2,,,,,,,,,,,,,,
if,38,Mark II Medium Blaster Trooper,,Mark 2,,Mark II Medium Blaster Trooper.webp,comms,false,corps,1,rebels,,emplacement trooper,w,4,2,1,h,b,Detachment: Rebel Veterans/ Fire Support/ Full Pivot/ Reposition/ Sentinel/ ,Unarmed,,a,,,,1,A-280 Blaster Rifle,,0,1 - 3,,,1,Mark II Medium Blaster,"Critical 2, Cumbersome, Fixed: Front",0,1 - 3,,
ah,40,Rebel Troopers,,,,Rebel Troopers.webp,heavy weapon/ personnel/ gear/ grenades,false,corps,4,rebels,,trooper,w,1,1,2,,b,Agile 1/ Nimble,Unarmed,,a,,,,1,A-200 Blaster Rifle,,0,1 - 3,,,1,,,,,,
gv,48,Rebel Veterans,,,,Rebel Veterans.webp,heavy weapon/ personnel/ training/ gear/ grenades,false,corps,4,rebels,,trooper,w,1,2,2,h,b,Coordinate: Emplacement Trooper/ Low Profile/ Prepared Position,Unarmed,,a,,,,1,A-280 Blaster Rifle,,0,1 - 3,,,1,,,,,,
mk,68,Mandalorian Resistance,,,,Mandalorian Resistance.webp,heavy weapon/ training/ comms/ gear/ armament/ grenades,false,special,3,rebels,,trooper,w,,2,,,,-> Jump 2/ Impervious/ Nimble,Combat Training,,a,,,1,1,Westar 35 Blaster Pistols,,0,1 - 2,,,2,,,,,,
ml,30,Mandalorian Resistance,Clan Wren,Clan Wren,,Mandalorian Resistance Clan Wren.webp,heavy weapon/ heavy weapon/ training/ comms/ gear/ armament/ grenades,true,special,1,rebels,,trooper,w,,2,,,,"-> Jump 2/ Equip: Tristan Wren, Ursa Wren/ Impervious/ Nimble/ Retinue: Sabine Wren",Combat Training,,a,,,1,1,Westar 35 Blaster Pistols,,0,1 - 2,,,2,,,,,,
ak,48,Rebel Commandos,,Rebel Commandos,,Rebel Commandos.webp,heavy weapon/ training/ comms/ gear/ grenades,false,special,4,rebels,,trooper,w,1,2,2,h,b,Low Profile/ Scout 2/ Sharpshooter 1,Unarmed,,a,,,,1,A-200 Blaster Rifle,,0,1 - 3,,,1,,,,,,
al,20,Rebel Commandos,Strike Team,Commando Strike Team,,Rebel Commandos Strike Team.webp,heavy weapon/ training/ comms/ gear/ grenades,false,special,1,rebels,,trooper,w,1,2,2,h,b,Detachment: Rebel Commandos/ Heavy Weapon Team/ Low Profile/ Scout 2/ Sharpshooter 1,Unarmed,,a,,,,1,A-200 Blaster Rifle,,0,1 - 3,,,1,,,,,,
am,56,Rebel Pathfinders,,,,Rebel Pathfinders.webp,heavy weapon/ training/ comms/ gear/ armament/ grenades,false,special,4,rebels,,trooper,w,1,2,2,c,b,Danger Sense 3/ Dauntless/ Infiltrate,Unarmed,,a,,,,1,A-300 Blaster Rifle,,0,1 - 3,,2,,,,,,,
aj,69,Wookiee Warriors,Freedom Fighters,,Wookiee Warriors,Wookiee Warriors Freedom Fighters.webp,heavy weapon/ training/ training/ gear/ grenades,false,special,3,rebels,,wookiee trooper,w,3,2,2,h,,Charge/ Duelist/ Indomitable/ Scale,Ryyk Blade,,a,,,,2,Kashyyyk Pistol,,0,1 - 2,,1,1,,,,,,
pl,72,Wookiee Warriors,Kashyyyk Resistance,Wookiee Warriors Kashyyyk Resistance,,Wookiee Warriors Kashyyyk Resistance.webp,heavy weapon/ training/ gear/ grenades,false,special,3,rebels,,wookiee trooper,w,3,2,2,h,,Indomitable/ Scale/ Sharpshooter 1,Combat Training,,a,,,1,1,X1 Carbine,,0,1 - 3,,2,,,,,,,
an,65,1.4 FD Laser Cannon Team,,FD Turret,,1.4 FD Laser Cannon Team.webp,comms/ generator,false,support,1,rebels,,emplacement trooper,w,6,2,0,h,b,Full Pivot/ Prepared Position/ Sentinel/ Stationary,Unarmed,,a,,,,2,Blaster Pistols,,0,1 - 2,,4,,1.4 FD Laser Cannon,Impact 2; Fixed: Front,0,1 - 5,,
ao,50,AT-RT,,,,AT-RT Reb.webp,hardpoint/ comms,false,support,1,rebels,,ground vehicle,w,6,2,2,c,b,Armor 2/ Climbing Vehicle/ Expert Climber/ Scout 1,Grappling Claws,Impact 1,a,,3,,,A300 Blaster Rifle,,0,1 - 2,,2,,,,,,,
he,95,Tauntaun Riders,,,,Tauntaun Riders.webp,training/ comms,false,support,2,rebels,,creature trooper,w,1,1,2,h,b,Agile 1/ Relentless/ Reposition/ Sharpshooter 1/ Unhindered,Horns & Hind Claws,Ram 1,a,,,1,2,DL-44 Blaster Pistol,,0,1 - 2,2,,,,,,,,
om,65,A-A5 Speeder Truck,,,,A-A5 Speeder Truck R.webp,pilot/ crew/ crew/ hardpoint/ comms,false,heavy,1,rebels,,repulsor vehicle,w,8,6,1,,b,Armor 5/ Hover: Ground/ Reposition/ Transport/ Weak Point 2: Rear,,,,,,,,,,,,,,,,,,,,
ap,125,T-47 Airspeeder,,Airspeeder,,T-47 Airspeeder.webp,pilot/ hardpoint/ comms,false,heavy,1,rebels,,repulsor vehicle,w,7,5,3,c,b,"Armor 3/ Arsenal 2/ Cover 1/ Immune: Blast, Melee, Range 1 Weapons/ Speeder 2",Double Laser Cannon,"Impact 3, Fixed Front",0,1 - 3,3,,3,,,,,,,,,,,,,
aq,55,X-34 Landspeeder,,Landspeeder,,X-34 Landspeeder.webp,pilot/ crew/ crew/ hardpoint/ comms,false,heavy,1,rebels,,repulsor vehicle,w,6,4,2,h,b,Armor 2/ Arsenal 3/ Cover 1/ Speeder 1,Blaster Pistol,,0,1 - 2,,2,,,,,,,,,,,,,,
na,170,Anakin Skywalker,The Chosen One,,,Anakin Skywalker.webp,force/ force/ training/ training,true,commander,1,republic,,trooper,r,6,3,2,c,,-> Jump 1/ Charge/ Deflect/ Djem So Mastery/ Immune: Pierce/ Master of the Force 1/ Tempted,Anakin's Lightsaber,"Impact 3, Pierce 3",a,,5,,,,,,,,,,,,,,,
po,90,Chewbacca,Hero of Kashyyyk,,,Chewbacca Hero of Kashyyyk.webp,training/ training/ gear,true,commander,1,republic,,wookiee trooper,w,9,2,2,h,,Enrage 4/ Guardian 2: Commander/ Reliable 2/ Scale/ Lethal,Overwhelm,Lethal 1,a,,4,,,Chewbacca's Bowcaster,"Critical 1, Impact 1, Pierce 1",0,1 - 3,2,2,,,,,,,
fy,95,Clone Captain Rex,Honorable Soldier,Captain Rex,,Clone Captain Rex.webp,command/ training/ gear/ gear/ grenades,true,commander,1,republic,,clone trooper,r,5,2,2,c,,Gunslinger/ Scout 1/ Scouting Party 2/ Sharpshooter 1/ Tactical 1,Advanced Combat Training,,a,,2,,,Dual DC-17 Hand Blasters,,0,1 - 2,3,,,,,,,,
ns,60,Clone Commander,Trained For Leadership,,,Clone Commander.webp,command/ training/ gear,false,commander,1,republic,,clone trooper,r,4,2,2,,,-> Bolster/ Direct: Corps Clone Trooper/ Sharpshooter 1,Advanced Combat Training,,a,,2,,,Commander's DC-15 Blaster Rifle,,0,1 - 3,,,3,,,,,,
ue,105,Clone Commander Cody,Leader of the 212th,,,Clone Commander Cody.webp,command/ training/ gear,true,commander,1,republic,,clone trooper,r,5,2,2,c,,>> Observe/ -> Jump 1/ -> Take Cover 1/ Direct: Vehicle/ Target 1,Advanced Combat Training,,a,,2,,,Cody's DC-15A Blaster Rifle,"Lethal 1, Impact 1",0,1 - 4,2,1,1,,,,,,
gw,150,Obi-Wan Kenobi,Civilized Warrior,,,Obi-Wan Kenobi.webp,force/ force/ command/ training,true,commander,1,republic,,trooper,r,6,3,2,,,-> Jump 1/ Charge/ Deflect/ Guardian/ Immune: Pierce/ Master of the Force 1/ Soresu Mastery,Obi-Wan's Lightsaber,"Critical 2, Impact 2, Pierce 2",a,,2,2,2,,,,,,,,,,,,,
ph,100,Wookiee Chieftain,Clan Leader,,,Wookiee Chieftain.webp,command/ training/ training/ gear,true,commander,1,republic,,wookiee trooper,w,7,2,2,h,b,Agile 1/ Charge/ Duelist/ Indomitable/ Scale,Ancestral Weapon,,a,,2,2,2,Chieftain's Bowcaster,"Impact 1, Pierce 1",0,1 - 3,,,4,,,,,,
ol,170,Yoda,Grand Master of the Jedi Order,,,Yoda.webp,force/ force/ force/ command,true,commander,1,republic,,trooper,r,5,4,1,c,b,-> Guidance: Trooper/ Ataru Mastery/ Deflect/ Immune: Pierce/ Master of the Force 2,Yoda's Lightsaber,"Impact 2, Pierce 2",a,,4,,,Force Wave,"Blast, Suppressive",0,1 - 2,,,4,,,,,,
kw,60,Padme Amidala,Spirited Senator,PadmÃ© Amidala,,Padme Amidala.webp,command/ training/ gear/ armament,true,operative,1,republic,,trooper,w,6,3,2,c,b,-> Bolster/ Agile 1/ Inspire 2/ Nimble/ Sharpshooter 2,Martial Arts,,a,,,,3,Padme's Blaster,,0,1 - 2,3,,,,,,,,
jg,55,R2-D2,Hero of a Thousand Devices,,,R2-D2 Hero of a Thousand Devices.webp,comms,true,operative,1,republic,,droid trooper,w,4,2,1,h,b,-> Repair 2: Capacity 2/ Inconspicuous/ Infiltrate/ Secret Mission/ Suppressive,Electro-Shock,Suppressive,a,- 1,,3,,,,,,,,,,,,,,
xi,160,The Bad Batch,Clone Force 99,,,The Bad Batch Rep.webp,heavy weapon/ heavy weapon/ heavy weapon/ heavy weapon/ heavy weapon,true,operative,0,republic,,clone trooper,r,2,3,2,,,"Equip: Hunter, Wrecker, Echo, Tech, Crosshair/ Impervious/ Scale/ Steady/ Sharpshooter 1/ We're Not Regs",Advanced Combat Training,,a,,1,,,DC-17 Hand Blaster,,0,1 - 2,,1,1,,,,,,
fz,56,Clone Trooper Infantry,,,,Clone Trooper Infantry.webp,squad leader/ heavy weapon/ personnel/ training/ gear/ grenades,false,corps,4,republic,,clone trooper,r,1,2,2,,,Reliable 1,Unarmed,,a,,,,1,DC-15A Blaster Carbine,,0,1 - 3,,,1,,,,,,
pm,69,Wookiee Warriors,Noble Fighters,Wookiee Warriors Noble Fighters,Wookiee Warriors,Wookiee Warriors Noble Fighters.webp,heavy weapon/ training/ training/ gear/ grenades,false,corps,3,republic,,wookiee trooper,w,3,2,2,h,,Charge/ Duelist/ Indomitable/ Scale,Ryyk Blade,,a,,,,2,Kashyyyk Pistol,,0,1 - 2,,1,1,,,,,,
kz,64,ARC Troopers,,,,ARC Troopers.webp,squad leader/ heavy weapon/ training/ comms/ gear/ gear/ grenades,false,special,4,republic,,clone trooper,r,1,2,2,,,Charge/ Impervious/ Scale/ Scout 2/ Sharpshooter 1/ Tactical 1,DC-17 Hand Blasters,,a,- 2,,,2,,,,,,,,,,,,,
ky,26,ARC Troopers,Strike Team,ARC Strike Team,,ARC Trooper Strike Team.webp,heavy weapon/ training/ comms/ gear/ gear/ grenades,false,special,1,republic,,clone trooper,r,1,2,2,,,Charge/ Detachment: ARC Troopers/ Heavy Weapon Team/ Impervious/ Scale/ Scout 2/ Sharpshooter 1/ Tactical 1,DC-17 Hand Blasters,,a,- 2,,,2,,,,,,,,,,,,,
pg,72,Wookiee Warriors,Kashyyyk Defenders,Wookiee Warriors Kashyyyk Defenders,,Wookiee Warriors Kashyyyk Defenders.webp,heavy weapon/ training/ gear/ grenades,false,special,3,republic,,wookiee trooper,w,3,2,2,h,,Indomitable/ Scale/ Sharpshooter 1,Combat Training,,a,,,1,1,X1 Carbine,,0,1 - 3,,2,,,,,,,
ao,50,AT-RT,,,,AT-RT Reb.webp,hardpoint/ comms,false,support,1,republic,,ground vehicle,w,6,,2,h,,Armor 2/ Climbing Vehicle/ Expert Climber/ Scout 1,Grappling Claws,Impact 1,a,,3,,,Rocket Launcher,"Critical 1, Impact 1",0,1 - 3,,2,1,,,,,,
ic,65,BARC Speeder,,,,BARC Speeder.webp,crew/ comms,false,support,1,republic,,repulsor vehicle,r,5,3,3,h,,Arsenal 2/ Cover 1/ Speeder 1,DC-15A Blaster Rifle,,0,1 - 3,,,1,Twin Light Blaster Cannons,Fixed: Front,0,1 - 3,1,1,1,,,,,,
xj,90,Clone Commandos,,,,Clone Commandos.webp,training/ gear/ grenades/ comms/ armament,false,support,4,republic,,clone trooper,r,1,2,2,,,Complete the Mission/ Equip: Katarn Pattern Armor/ Infiltrate/ Recharge 1/ Target 1/ Shielded 1,Gauntlet Vibroblade,,a,,,,2,DC-17m ICWS Blaster Carbine,Supressive,0,1 - 2,,1,1,,,,,,
xp,105,Clone Commandos,Delta Squad,Delta Squad,,Delta Squad.webp,training/ training/ gear/ grenades/ comms/ armament,true,support,4,republic,,clone trooper,r,1,-,2,,,Complete the Mission/ Equip: Katarn Pattern Armor/ Infiltrate/ Independent: Recover/ Recharge 1/ Target 1/ Shielded 1,Gauntlet Vibroblade,,a,,,,2,DC-17m ICWS Blaster Carbine,Supressive,0,1 - 2,,1,1,,,,,,
qh,55,Raddaugh Gnasp Fluttercraft,,,,Raddaugh Gnasp Fluttercraft.webp,crew/ comms,false,support,1,republic,,repulsor vehicle,w,6,3,2,h,b,"Cover 2/ Immune: Blast, Melee, Range 1 Weapons/ Reposition/ Speeder 2",Pilot's Kashyyyk Pistol,,0,1 - 2,,1,1,,,,,,,,,,,,,
xf,57,Raddaugh Gnasp Fluttercraft,Attack Craft,,,Raddaugh Gnasp Fluttercraft Attack Craft.webp,crew/ comms,false,support,1,republic,,repulsor vehicle,w,6,,2,h,b,"Attack Run/ Cover 2/ Immune: Blast, Melee, Range 1 Weapons/ Reposition/ Speeder 2/ Special Issue: Wookiee Defenders",Pilot's Kashyyyk Pistol,,0,1 - 2,,1,1,,,,,,,,,,,,,
qs,65,Infantry Support Platform,,,,Infantry Support Platform.webp,pilot/ hardpoint/ comms,false,heavy,1,republic,,repulsor vehicle,w,7,5,3,h,b,"Armor 3/ Cover 1/ Hover: Ground/ Weak Point 1: Rear, Sides",DC-15 Blaster Rifles,,0,1 - 3,,,2,,,,,,,,,,,,,
on,100,LAAT/le Patrol Transport,,,,LAAT Patrol Transport E.webp,pilot/ ordnance/ ordnance/ comms,false,heavy,1,republic,,repulsor vehicle,w,8,,2,,b,"Armor 5/ Arsenal 2/ Cover 1/ Hover: Air 2/ Immune: Blast, Melee, Range 1 Weapons/ Transport",Twin Laser Cannons,"Fixed: Front, Impact 1",0,1 - 3,2,,2,,,,,,,,,,,,,
gb,155,Saber-Class Tank,,,Saber-Class Tank,Saber-Class Tank.webp,pilot/ hardpoint/ ordnance/ ordnance/ comms,false,heavy,1,republic,,repulsor vehicle,r,9,,2,h,,"Armor 5/ Arsenal 2/ Hover: Ground/ Outmaneuver/ Weak Point 1: Rear, Sides",Heavy Laser Cannons,"Critical 1, Fixed: Front, Impact 2",0,1 - 4,2,2,2,,,,,,,,,,,,,
fx,165,Count Dooku,Darth Tyranus,,,Count Dooku.webp,force/ force/ force/ command,true,commander,1,separatists,,trooper,r,6,3,2,c,b,Cunning/ Deflect/ Direct: Trooper Unit/ Immune: Pierce/ Makashi Mastery/ Master of the Force 2,Dooku's Lightsaber,"Impact 2, Pierce 2",a,,5,,,Force Lightning,"Pierce 1, Scatter, Suppressive",0,1 - 2,,,6,,,,,,
ia,130,General Grievous,Sinister Cyborg,,,General Grievous Sinister Cyborg.webp,command/ command/ training/ gear,true,commander,1,separatists,,trooper,r,8,2,2,,,Block/ Entourage: IG-100/ Immune: Pierce/ Jedi Hunter/ Relentless/ Scale,Trophy Lightsabers,"Critical 1, Impact 2, Pierce 2",a,,2,2,4,"","Critical 1, Pierce 1, Versatile",a,- 2,,2,2,,,,,,
wn,80,Poggle the Lesser,Public Leader of the Geonosians,,,Poggle the Lesser.webp,command/ command/ comms/ gear,true,commander,1,separatists,,trooper,r,4,3,1,h,,>> Jump/ Compel: Corps Separatist Alliance Trooper/ Entourage: B2 Super Battle Droids/ Override/ Weighed Down,Staff of Command,,a,,,,2,Concealed Blaster,,0,1 - 3,,,2,,,,,,
py,75,Super Tactical Droid,Commanding Controller,,,Super Tactical Droid.webp,command/ command/ comms/ gear,true,commander,1,separatists,,droid trooper,r,5,2,2,c,,-> Strategize 1/ Direct: AI Unit/ Exemplar/ Override/ Sharpshooter 1,Combat Expertise,,a,,,,2,Blaster Rifle,Lethal 1,0,1 - 3,2,,1,,,,,,
qa,85,Super Tactical Droid,Kalani,Kalani,,Super Tactical Droid Kalani.webp,command/ command/ command/ comms/ gear,true,commander,1,separatists,,droid trooper,r,5,2,2,h,,-> Strategize 2/ Direct: AI Unit/ Exemplar/ Reinforcements/ Sharpshooter 1,Combat Expertise,,a,,,,2,Blaster Rifle,Lethal 1,0,1 - 3,,,3,,,,,,
pz,80,Super Tactical Droid,Kraken,Kraken,,Super Tactical Droid Kraken.webp,command/ command/ training/ comms/ gear,true,commander,1,separatists,,droid trooper,r,5,2,2,c,,-> Strategize 1/ Charge/ Exemplar/ Override/ Sharpshooter 1,Overwhelm,Lethal 1,a,,4,,,Blaster Rifle,Lethal 1,0,1 - 3,3,,,,,,,,
nr,60,T-Series Tactical Droid,Programmed for Strategy,,,T-Series Tactical Droid.webp,command/ comms/ gear,false,commander,1,separatists,,droid trooper,w,4,2,2,,b,-> Bolster 2/ Direct: Corps Droid Trooper Unit/ Exemplar,Bludgeon,,a,,,1,,Blaster Rifle,,0,1 - 3,,,2,,,,,,
ut,130,Asajj Ventress,Separatist Assassin,,,Asajj Ventress.webp,force/ force/ training/ training,true,operative,1,separatists,,trooper,r,5,2,2,,,-> Jump 2/ Deflect/ Independent: Dodge 1/ Indomitable/ Immune: Pierce/ Jar'Kai Mastery/ Relentless,Asajj Ventress' Lightsabers,"Impact 2, Pierce 2",a,,,,8,,,,,,,,,,,,,
nb,130,Maul,Impatient Apprentice,,,Maul Impatient Apprentice.webp,force/ force/ training/ training,true,operative,1,separatists,,trooper,w,,3,,,,-> Jump 1/ Deflect/ Immune: Pierce/ Juyo Mastery,Maul's Double-bladed Lightsaber,"Impact 2, Pierce 2",a,,4,4,,,,,,,,,,,,,,
wo,80,Sun Fac,Ruthless Lieutenant,,,Sun Fac.webp,training/ comms/ gear,true,operative,1,separatists,,trooper,w,5,2,2,h,b,>> Jump 3/ Cover 1/ Death From Above/ Direct: Geonosian Warriors/ Retinue: Poggle the Lesser/ Scale/ Weighed Down,Force Pike,Pierce 1,a,,2,,1,Sun Fac's Sonic Carbine,Suppressive,0,1 - 3,1,1,1,,,,,,
gx,38,B1 Battle Droids,,B1s,,B1 Battle Droids.webp,heavy weapon/ personnel/ comms/ gear,false,corps,6,separatists,,droid trooper,w,1,1,2,,,AI: Attack/ Coordinate: Droid Trooper,Bludgeon,,a,,,1,,E-5 Blaster Rifle,,0,1 - 3,,1,,,,,,,
ga,64,B2 Super Battle Droids,,B2s,,B2 Super Battle Droids.webp,heavy weapon/ personnel/ comms,false,corps,3,separatists,,droid trooper,r,2,2,2,,,AI: Attack,Wrist Rockets,Impact 1,0,1,1,,,Arm Cannons,,a,- 2,,,2,,,,,,
wp,45,Geonosian Warriors,Soldiers of the Hive,,,Geonosian Warriors.webp,heavy weapon/ personnel,false,corps,4,separatists,,trooper,w,1,1,2,,b,>> Jump 3/ Scale/ Death From Above/ Weighed Down,Spears,,a,,,,1,Sonic Blasters,,0,1 - 2,,1,1,,,,,,
la,64,BX-Series Droid Commandos,,,,BX-Series Droid Commandos.webp,heavy weapon/ training/ armament/ grenades/ comms,false,special,4,separatists,,droid trooper,r,1,2,2,h,,"-> Jump 1/ AI: Dodge, Move/ Impervious/ Scale, Scout 3, Sharpshooter 1",Unarmed,,a,,,,1,Commando E-5 Blaster,,0,1 - 3,,2,,,,,,,
lb,20,BX-Series Droid Commandos,Strike Team,BX Droid Strike Team,,BX-Series Droid Commandos Strike Team.webp,heavy weapon/ training/ grenades/ armament/ comms,false,special,1,separatists,,droid trooper,r,1,2,2,h,,"-> Jump 1/ AI: Dodge, Move/ Detachment: BX-Series Droid Commandos/ Heavy Weapon Team/ Impervious/ Scale, Scout 3, Sharpshooter 1",Unarmed,,a,,,,1,Commando E-5 Blaster,,0,1 - 3,,2,,,,,,,
nk,35,DRK-1 Sith Probe Droids,,,,DRK-1 Sith Probe Droids.webp,comms,true,special,3,separatists,,droid trooper,w,1,1,2,,,-> Observe 3/ Detachment: Maul/ Hover: Air 1/ Incognito,Electro-stun Micro Blaster,Suppressive,a,- 2,,2,,,,,,,,,,,,,,
px,72,IG-100 MagnaGuard,,,,IG-100 MagnaGuard.webp,heavy weapon/ training/ training/ comms/ grenades,false,special,3,separatists,,droid trooper,r,2,2,2,h,,"AI: Dodge, Move/ Charge/ Guardian 2: Commander/ Immune: Melee Pierce/ Retinue: Commander/ Unhindered",Electrostaff,,a,,,,2,Precision Laser Dart,,0,1 - 2,,1,1,,,,,,
xd,56,IG-100 MagnaGuard,Prototype Assassin Droids,IG-100 MagnaGuard (Prototype),,IG-100 MagnaGuard Prototype Assassin Droids.webp,heavy weapon/ training/ grenades,false,special,3,separatists,,droid trooper,r,1,1,2,,,AI: Dodge/ Charge/ Immune: Melee Pierce/ Special Issue: Experimental Droids/ Unhindered,Electrostaff,,a,,,1,1,Precision Laser Dart,,0,1 - 2,,1,1,,,,,,
ie,60,Droidekas,,,,Droidekas.webp,comms,false,support,2,separatists,,ground vehicle,w,3,-,1,,b,"AI: Attack, Move/ Generator 1/ Shielded 4/ Wheel Mode",Dual Twin Blaster Cannons,"Suppressive, Fixed: Front, Immune: Deflect",0,1 - 3,1,,2,,,,,,,,,,,,,
qk,50,DSD1 Dwarf Spider Droid,,Dwarf Spider Droid,,DSD1 Dwarf Spider Droid.webp,protocol/ hardpoint/ comms,false,support,1,separatists,,ground vehicle,w,6,4,2,h,b,>> Self-Destruct 4/ Armor 3/ Climbing Vehicle/ Expert Climber/ Programmed/ Blast,Wicked Kick,,a,,1,1,1,DSD1 Self-Destruct,"Blast, Impact 1",,A1,3,,,,,,,,
mc,80,STAP Riders,,,,STAP Riders.webp,comms,false,support,2,separatists,,repulsor vehicle,w,,-,,,,"Agile 1/ AI: Move/ Coordinate: Droid Trooper, Vehicle/ Cover 1/ Speeder 1",Repeating Dual Blaster Cannons,"Critical 1, Fixed: Front",0,1 - 3,,,3,,,,,,,,,,,,,
gc,165,AAT Battle Tank,,,AAT Trade Federation Battle Tank,AAT Battle Tank.webp,pilot/ ordnance/ ordnance/ comms,false,heavy,1,separatists,,repulsor vehicle,r,9,6,1,h,,AI: Attack/ Armor: 5/ Arsenal: 2/ Barrage/ Hover: Ground/ Weak Point 2: Rear,Anti-Personnel Lasers,Fixed: Front,0,1 - 2,,,3,Artillery Cannon,"Critical 2, High Velocity, Impact 2",0,2 - 4,4,,,,,,,,
xe,130,Persuader-Class Tank Droid,Prototype Tank Droid,Persuader-Class Tank Droid (Prototype),,Persuader-Class Tank Droid Prototype Tank Droid.webp,protocol/ ordnance/ ordnance/ comms,false,heavy,1,separatists,,ground vehicle,w,11,7,1,,b,Armor: 5/ Arsenal 3/ Direct: Corps Trooper Unit/ Programmed/ Reposition/ Special Issue: Experimental Droids/ Weak Point 1: Sides,Ion Cannons,"Fixed: Front, Impact 1, Ion 1",0,1 - 2,1,,1,Heavy Blasters,"Critical 1, Fixed: Front",0,1 - 4,1,2,2,,,,,,
qt,130,Persuader-Class Tank Droid,,,,Persuader-Class Tank Droid.webp,protocol/ ordnance/ ordnance/ comms,false,heavy,1,separatists,,ground vehicle,w,11,7,1,h,b,Armor: 5/ Arsenal 2/ Programmed/ Reposition/ Transport/ Weak Point 1: Sides/ Fixed: Front/ Impact/ Ion/ Critical,Ion Cannons,"Critical 1, Fixed: Front, Impact 1, Ion 1",0,1 - 2,1,1,1,Heavy Blasters,"Critical 1, Fixed: Front",0,1 - 4,1,2,2,,,,,,